{"metadata":{"asset_id":"30230f44-1b2a-4f14-abc9-9f3cbed03426","asset_attributes":["data_asset"],"name":"dataset_desafio_2.csv","asset_type":"data_asset","created_at":"2020-08-22T00:50:53Z","description":"","origin_country":"us","owner_id":"IBMid-550008E044","project_id":"20ed5cf8-34ad-4187-bbf1-64b6d5c8b75d","size":1520235,"tags":[],"usage":{"last_update_time":1598057454170,"last_updated_at":"2020-08-22T00:50:54Z"}},"entity":{"data_asset":{"mime_type":"text/csv","dataset":false}},"attachments":[{"id":"3eae8cde-0599-4716-bf93-08641ee7637b","version":2,"asset_type":"data_asset","name":"dataset_desafio_2.csv","mime":"text/csv","datasource_type":"193a97c1-4475-4a19-b90c-295c4fdc6517","object_key":"dataset_desafio_2.csv","creator_id":"iam-ServiceId-f49c5558-c247-4983-a04f-7d3c7a3d55da","create_time":1598057454063,"size":1520235,"is_remote":false,"is_managed":false,"is_referenced":true,"is_object_key_read_only":false,"is_user_provided_path_key":true,"transfer_complete":true,"is_partitioned":false,"complete_time_ticks":1598057454063,"user_data":{},"test_doc":0,"handle":{"bucket":"uninassaudesafio2maratona2020-donotdelete-pr-kgjmeg5eujgesd","location":"us-geo","key":"dataset_desafio_2.csv","upload_id":"done","max_part_num":1},"usage":{"access_count":0,"last_accessor_id":"iam-ServiceId-f49c5558-c247-4983-a04f-7d3c7a3d55da","last_access_time":1598057454063}}]}
