{"metadata":{"asset_id":"b1052102-d1c3-4df1-af1a-edb93dea1f54","asset_attributes":["notebook"],"name":"parte-2","asset_type":"notebook","created_at":"2020-08-22T00:50:54Z","description":"","origin_country":"us","owner_id":"IBMid-550008E044","project_id":"20ed5cf8-34ad-4187-bbf1-64b6d5c8b75d","size":24880,"tags":["notebook"],"usage":{"last_update_time":1598061038594,"last_updated_at":"2020-08-22T01:50:38Z"}},"entity":{"notebook":{"kernel":{"name":"python3","display_name":"Python 3.6","language":"python"},"originates_from":{"type":"file"},"runtime":{"environment":"conda2py36-20ed5cf8-34ad-4187-bbf1-64b6d5c8b75d"}}},"attachments":[{"id":"e047322c-3990-4a28-a048-7756e7860ef0","version":2,"asset_type":"notebook","name":"attachment for notebook b1052102-d1c3-4df1-af1a-edb93dea1f54","description":"attachment for notebook b1052102-d1c3-4df1-af1a-edb93dea1f54","mime":"application/json","datasource_type":"193a97c1-4475-4a19-b90c-295c4fdc6517","object_key":"notebook/parte-2_XvWXXx6YQ.ipynb","creator_id":"iam-ServiceId-9e68bc5f-c5f6-4f6f-8bcf-e57f47b9d1b1","create_time":1598057456164,"size":24880,"is_remote":false,"is_managed":false,"is_referenced":true,"is_object_key_read_only":false,"is_user_provided_path_key":true,"transfer_complete":true,"is_partitioned":false,"complete_time_ticks":1598057456164,"user_data":{},"test_doc":0,"handle":{"bucket":"uninassaudesafio2maratona2020-donotdelete-pr-kgjmeg5eujgesd","location":"us-geo","key":"notebook/parte-2_XvWXXx6YQ.ipynb","upload_id":"done","max_part_num":1},"usage":{"access_count":0,"last_accessor_id":"iam-ServiceId-9e68bc5f-c5f6-4f6f-8bcf-e57f47b9d1b1","last_access_time":1598057456164}}]}
