{"metadata":{"asset_id":"65302b6a-f369-42ec-84d3-109ca5ff49d7","asset_attributes":["notebook"],"name":"parte-1","asset_type":"notebook","created_at":"2020-08-22T00:50:54Z","description":"","origin_country":"us","owner_id":"IBMid-550008E044","project_id":"20ed5cf8-34ad-4187-bbf1-64b6d5c8b75d","size":24680,"tags":["notebook"],"usage":{"last_update_time":1598058915526,"last_updated_at":"2020-08-22T01:15:15Z"}},"entity":{"notebook":{"kernel":{"name":"python3","display_name":"Python 3.6","language":"python"},"originates_from":{"type":"file"},"runtime":{"environment":"conda2py36-20ed5cf8-34ad-4187-bbf1-64b6d5c8b75d"}}},"attachments":[{"id":"6c0896af-e01a-4c2f-9819-7f5c398f93fc","version":2,"asset_type":"notebook","name":"attachment for notebook 65302b6a-f369-42ec-84d3-109ca5ff49d7","description":"attachment for notebook 65302b6a-f369-42ec-84d3-109ca5ff49d7","mime":"application/json","datasource_type":"193a97c1-4475-4a19-b90c-295c4fdc6517","object_key":"notebook/parte-1_XTm42MgVg.ipynb","creator_id":"iam-ServiceId-9e68bc5f-c5f6-4f6f-8bcf-e57f47b9d1b1","create_time":1598057455413,"size":24680,"is_remote":false,"is_managed":false,"is_referenced":true,"is_object_key_read_only":false,"is_user_provided_path_key":true,"transfer_complete":true,"is_partitioned":false,"complete_time_ticks":1598057455413,"user_data":{},"test_doc":0,"handle":{"bucket":"uninassaudesafio2maratona2020-donotdelete-pr-kgjmeg5eujgesd","location":"us-geo","key":"notebook/parte-1_XTm42MgVg.ipynb","upload_id":"done","max_part_num":1},"usage":{"access_count":0,"last_accessor_id":"iam-ServiceId-9e68bc5f-c5f6-4f6f-8bcf-e57f47b9d1b1","last_access_time":1598057455413}}]}
